Manufacturer,Graph Type,Explanation
BMW,Sustainability Score,"This graph shows BMW's historical and forecasted sustainability scores from 2008 to 2032. The steady upward trend reflects BMW's strong commitment to sustainability, driven by their advancements in electric vehicles (EVs), resource efficiency, and decarbonization efforts. The confidence interval suggests some uncertainty but predicts continued progress. BMW's focus on premium EVs and innovative manufacturing processes has significantly contributed to this consistent improvement in their sustainability performance."
BMW,CO2,This graph shows BMW's CO2 emissions under real-world driving conditions. The consistent decline reflects their commitment to reducing emissions through EV adoption and hybrid innovations. The sharper drop in recent years highlights their focus on stricter emissions standards and advanced manufacturing processes. These efforts align with BMW's sustainability goals and global regulatory pressures.
BMW,MPG,"This graph displays the real-world miles per gallon (MPG) of BMW vehicles, steadily increasing over time. The trend demonstrates BMW's focus on improving fuel efficiency through hybrid systems and lightweight materials. A noticeable spike in recent years suggests a stronger push for performance optimization, balancing luxury with sustainability in line with evolving consumer expectations and stricter efficiency standards."
BMW,CO2 Reduction,"This graph tracks the rate at which BMW reduces CO2 emissions annually. Peaks in reduction rates correspond to milestones such as new EV launches and innovations in energy-efficient manufacturing. The significant surge in recent years highlights BMW's intensified focus on sustainability, leveraging stricter regulations and technological advancements to accelerate emissions reductions across their vehicle portfolio."
BMW,MPG Growth,"This graph illustrates the growth rate of BMW's vehicle MPG over time. Periodic spikes indicate major advancements in engine optimization and hybrid system deployments. The sustained growth reflects BMW’s strategic investments in fuel efficiency without compromising vehicle performance. These trends showcase BMW's ability to adapt to evolving market demands for cleaner, more efficient vehicles."
BMW,Powertrain,"This pie chart reveals the distribution of powertrain types in BMW’s lineup. A growing share of EVs and hybrids reflects BMW's transition toward electrification, while gasoline models still constitute a notable portion, catering to traditional markets. This balance highlights BMW's dual strategy: meeting current market demands while investing heavily in future-focused, sustainable powertrain technologies."
Ford,Sustainability Score,This graph shows Ford’s historical and predicted sustainability scores from 2008 to 2032. A steady upward trend reflects Ford's commitment to renewable energy integration and EV development. The forecast highlights continued progress driven by innovations in their vehicle lineup and decarbonization strategies. Confidence intervals suggest consistent improvements as Ford prioritizes sustainability across production and vehicle performance.
Ford,CO2,"This graph illustrates Ford’s real-world CO2 emissions over time, showing a steady decline. This trend reflects Ford's increasing focus on producing EVs and enhancing engine efficiency. The sharper drop in recent years highlights their aggressive transition toward greener technologies and compliance with global emissions regulations, demonstrating their commitment to a lower carbon footprint."
Ford,MPG,"This graph displays the real-world miles per gallon (MPG) for Ford vehicles, showing a consistent upward trend. This growth aligns with Ford's advancements in hybrid and fuel-efficient powertrain systems. The spike in recent years signals a focus on optimizing efficiency, balancing consumer demand for performance and sustainability while adhering to stricter fuel economy standards."
Ford,CO2 Reduction,"This graph highlights Ford’s annual CO2 reduction rates, showcasing significant peaks during key innovation periods. Recent surges reflect their adoption of EVs and improvements in manufacturing efficiency. However, fluctuations in certain years may indicate challenges in scaling new technologies or adapting older vehicles to stricter environmental standards."
Ford,MPG Growth,"This graph shows Ford’s MPG growth rate, with occasional spikes reflecting major efficiency breakthroughs. Recent growth underscores Ford’s efforts to enhance fuel economy across its fleet, particularly with hybrid systems and lightweight materials. The occasional declines highlight the challenges of maintaining consistent growth while rolling out new models."
Ford,Powertrain,"This pie chart shows Ford’s powertrain distribution, with a notable share of hybrids and an increasing proportion of EVs. Gasoline models still dominate, reflecting their commitment to a broad market appeal while transitioning toward sustainable mobility. This distribution emphasizes Ford’s dual strategy of meeting consumer demands and accelerating electrification."
General Motors,Sustainability Score,"This graph shows General Motors’ historical and forecasted sustainability scores from 2008 to 2032. The consistent upward trend reflects GM’s strong emphasis on EV adoption and manufacturing efficiency. The forecast indicates further progress, supported by their aggressive electrification strategy and decarbonization initiatives. Confidence intervals suggest steady improvements as GM continues transitioning toward sustainable practices across its operations."
General Motors,CO2,"This graph illustrates General Motors’ real-world CO2 emissions, showing a steady decline over time. The downward trend reflects GM's focus on reducing emissions through extensive EV production and phasing out less efficient models. Their commitment to achieving carbon neutrality by 2040 is evident in the sharper reductions seen in recent years."
General Motors,MPG,"This graph displays the real-world miles per gallon (MPG) for GM vehicles, showing a steady increase. The trend highlights advancements in powertrain technology and hybrid systems. The sharp improvements in recent years align with GM’s focus on lightweight materials and aerodynamic designs, balancing performance with fuel efficiency."
General Motors,CO2 Reduction,"This graph shows General Motors’ annual CO2 reduction rates, with peaks reflecting key milestones such as EV launches and production line upgrades. Significant improvements in recent years emphasize GM’s drive to meet global emissions targets. Fluctuations may indicate challenges in adapting older vehicle lines to newer, stricter standards."
General Motors,MPG Growth,"This graph depicts the growth rate of MPG for GM’s vehicles, with notable spikes during years of technological breakthroughs. Recent increases reflect GM’s focus on improving fleet-wide fuel efficiency, driven by hybrid advancements and increased EV production. Occasional dips indicate the complexity of balancing innovation with consistent efficiency gains."
General Motors,Powertrain,"This pie chart illustrates the distribution of powertrain types in GM’s lineup. A growing share of EVs and hybrids reflects GM’s commitment to electrification, while gasoline models still dominate due to consumer demand. This distribution highlights GM’s strategy of leading the EV market while maintaining appeal in traditional segments during the transition."
Honda,Sustainability Score,This graph shows Honda’s historical and forecasted sustainability scores from 2008 to 2032. The steady upward trend reflects Honda’s balanced approach to hybrid innovation and efficiency improvements. The forecast suggests consistent progress driven by their focus on hybrid systems and plans to accelerate EV production. Confidence intervals highlight stable growth as Honda navigates its transition to sustainable mobility.
Honda,CO2,"This graph illustrates Honda’s real-world CO2 emissions, showing a steady decline. This trend reflects Honda's reliance on hybrid technologies to reduce emissions while preparing for a gradual shift toward EVs. Their dedication to optimizing internal combustion engines has also contributed to consistent reductions, showcasing their pragmatic approach to sustainability."
Honda,MPG,"This graph displays Honda's real-world miles per gallon (MPG), which shows a steady increase. The upward trend reflects Honda’s leadership in hybrid technology and aerodynamic efficiency. Recent growth highlights advancements in their fuel-efficient designs, aligning with their reputation for producing vehicles that balance performance, reliability, and sustainability."
Honda,CO2 Reduction,"This graph highlights Honda’s annual CO2 reduction rates, with noticeable peaks during years of significant hybrid and efficiency innovations. Recent increases reflect Honda’s intensified efforts to meet stricter emissions standards. Fluctuations indicate challenges in maintaining consistent reductions while gradually transitioning their portfolio toward EVs."
Honda,MPG Growth,"This graph shows the growth rate of MPG for Honda’s vehicles, with periodic spikes reflecting key technological advancements. The recent surge underscores Honda’s ability to enhance fuel economy across its fleet through hybrid innovation. Occasional dips likely indicate transitional challenges as Honda prepares for broader EV adoption."
Honda,Powertrain,"This pie chart reveals Honda’s powertrain distribution, with a dominant share of hybrids and gasoline engines. A smaller but growing share of EVs highlights Honda’s incremental shift toward electrification. This distribution reflects Honda’s focus on hybrids as a transitional technology while expanding their EV lineup to meet future sustainability goals."
Hyundai,Sustainability Score,"This graph displays Hyundai’s sustainability scores from 2008 to 2032, showing a consistent upward trend. The forecast reflects Hyundai’s aggressive investments in EVs and hydrogen fuel cell technologies. Confidence intervals suggest steady growth as Hyundai prioritizes decarbonization and resource optimization. Their commitment to electrification and cutting-edge innovation drives this positive trajectory in sustainability performance."
Hyundai,CO2,"This graph shows Hyundai’s real-world CO2 emissions, steadily declining over time. The reduction reflects Hyundai’s focus on EV production and phasing out less efficient powertrains. Recent years demonstrate sharper declines, supported by their advances in fuel cell technology and their emphasis on meeting global emissions targets."
Hyundai,MPG,"This graph shows Hyundai's real-world miles per gallon (MPG), steadily increasing over time. The rise highlights Hyundai’s efforts to optimize hybrid and EV powertrains while enhancing overall fuel efficiency. The recent spike signifies the impact of lightweight materials and advanced energy management systems on vehicle performance."
Hyundai,CO2 Reduction,"This graph highlights Hyundai’s annual CO2 reduction rates, with peaks reflecting key milestones in EV and hydrogen fuel cell deployments. The consistent increases align with Hyundai’s goal of achieving carbon neutrality by 2045. Fluctuations reflect the challenges of transitioning their vehicle lineup while managing legacy systems."
Hyundai,MPG Growth,"This graph shows Hyundai's MPG growth rate, with spikes during years of significant fuel efficiency advancements. Recent growth reflects their innovative hybrid and hydrogen fuel cell systems. Occasional dips likely represent the integration challenges of balancing fleet-wide innovation with cost and market adaptation."
Hyundai,Powertrain,"This pie chart illustrates Hyundai’s powertrain mix, with growing shares of EVs and hybrids. Gasoline engines still hold a notable portion, reflecting Hyundai’s strategy to maintain market reach while driving electrification. Their focus on hydrogen fuel cell technology further distinguishes Hyundai in the race toward sustainable mobility."
Kia,Sustainability Score,"This graph shows Kia’s sustainability scores from 2008 to 2032, with a consistent upward trend. The forecast reflects Kia’s alignment with Hyundai in focusing on EV adoption and hybrid powertrains. Confidence intervals suggest stable progress driven by investments in decarbonization and energy-efficient manufacturing. Kia’s efforts demonstrate a strong commitment to advancing sustainability in line with industry leaders."
Kia,CO2,"This graph illustrates Kia’s real-world CO2 emissions, steadily declining over time. The downward trend reflects Kia’s focus on improving fuel efficiency and expanding their EV lineup. Recent sharper declines highlight their progress in phasing out less efficient internal combustion engines and meeting global emissions standards."
Kia,MPG,"This graph shows Kia's real-world miles per gallon (MPG), steadily increasing over time. The rise demonstrates their dedication to hybrid technologies and optimizing traditional engines. The recent spike reflects advancements in lightweight materials and improved vehicle aerodynamics, aligning with Kia’s broader sustainability objectives."
Kia,CO2 Reduction,"This graph highlights Kia’s annual CO2 reduction rates, with periodic peaks reflecting milestones in powertrain efficiency and EV production. The recent surge demonstrates Kia’s intensified focus on meeting stringent emissions targets. Fluctuations suggest transitional challenges as they expand their portfolio of sustainable vehicles."
Kia,MPG Growth,"This graph displays Kia's MPG growth rate, with spikes corresponding to key efficiency improvements. Recent growth underscores their focus on optimizing hybrid systems and improving fleet-wide energy performance. Dips indicate transitional periods as Kia integrates advanced technologies across its lineup while managing market demands."
Kia,Powertrain,"This pie chart reveals Kia’s powertrain mix, with a notable share of hybrids and growing EV adoption. Gasoline engines still dominate, reflecting Kia’s dual strategy of catering to existing markets while expanding electrification efforts. Their alignment with Hyundai’s innovations in hydrogen and EVs drives their gradual shift toward sustainability."
Mazda,Sustainability Score,"This graph shows Mazda’s sustainability scores from 2008 to 2032. The forecast suggests a plateauing trend, reflecting slower progress in adopting sustainable practices compared to competitors. Mazda’s reliance on traditional powertrains and limited electrification efforts impact their growth. Confidence intervals highlight uncertainty, underscoring the need for Mazda to accelerate EV adoption and invest more in decarbonization."
Mazda,CO2,"This graph illustrates Mazda’s real-world CO2 emissions, with a steady decline until recent stabilization. Early reductions reflect efficiency improvements in gasoline engines, but slower declines suggest limited electrification. Mazda’s reliance on combustion technologies hampers its ability to sustain meaningful emission reductions compared to peers."
Mazda,MPG,"This graph shows Mazda’s real-world miles per gallon (MPG), with early increases that plateau in later years. The trend reflects Mazda’s focus on optimizing gasoline engine efficiency rather than broader electrification. Recent stagnation indicates the limitations of relying solely on combustion engine advancements to meet sustainability goals."
Mazda,CO2 Reduction,"This graph highlights Mazda’s annual CO2 reduction rates, with notable peaks in earlier years due to advancements in engine technology. However, recent flat rates signal slower progress in adopting EVs and hybrids. This reflects Mazda’s challenge in transitioning from efficiency-focused strategies to a more robust electrification agenda."
Mazda,MPG Growth,"This graph depicts Mazda's MPG growth rate, with significant gains in earlier years but limited recent improvements. Early growth highlights advances in fuel-efficient powertrains, while recent dips reflect the diminishing returns of combustion engine optimization. These trends underscore Mazda’s need to prioritize hybrid and EV technologies."
Mazda,Powertrain,"This pie chart shows Mazda’s powertrain distribution, heavily dominated by gasoline engines. A smaller presence of hybrids and minimal EV adoption reflect Mazda’s slower transition to sustainable mobility. This distribution underscores Mazda’s reliance on traditional powertrains while trailing behind in the electrification race compared to industry leaders."
Mercedes,Sustainability Score,"This graph shows Mercedes’ sustainability scores from 2008 to 2032, reflecting a consistent upward trend. The forecast highlights Mercedes’ leadership in premium EV production and resource-efficient manufacturing. Confidence intervals indicate stable progress as Mercedes invests heavily in decarbonization and luxury EV technologies. Their sustainability strategy positions them as a frontrunner in combining performance with environmental responsibility."
Mercedes,CO2,"This graph illustrates Mercedes’ real-world CO2 emissions, showing a steady decline with a sharp drop in recent years. This reflects their aggressive push toward electrification and improvements in manufacturing efficiency. Mercedes’ transition to premium EVs and hybrid models significantly contributes to these reductions, aligning with their ambitious carbon neutrality goals."
Mercedes,MPG,"This graph shows Mercedes’ real-world miles per gallon (MPG), steadily increasing over time with a sharp rise recently. This trend underscores advancements in hybrid and plug-in hybrid systems, balancing luxury with fuel efficiency. Mercedes’ focus on aerodynamics and lightweight materials further enhances fleet-wide performance and sustainability."
Mercedes,CO2 Reduction,"This graph highlights Mercedes’ annual CO2 reduction rates, with notable spikes in recent years. These peaks align with the launch of new EV models and sustainability-focused production processes. The consistent increases reflect Mercedes’ commitment to achieving carbon neutrality, driven by innovative powertrain technologies and regulatory compliance."
Mercedes,MPG Growth,"This graph displays Mercedes’ MPG growth rate, with recent spikes showcasing significant fuel efficiency advancements. These gains reflect their leadership in hybrid and plug-in hybrid technologies. The trend highlights Mercedes’ ability to merge luxury vehicle performance with sustainability through targeted investments in engineering and innovation."
Mercedes,Powertrain,"This pie chart illustrates Mercedes’ powertrain mix, with a growing share of EVs and hybrids alongside traditional gasoline models. This distribution highlights their focus on premium electrification while maintaining a strong presence in traditional powertrains. Mercedes’ strategy ensures a gradual yet impactful transition toward sustainable luxury mobility."
Nissan,Sustainability Score,"This graph shows Nissan’s sustainability scores from 2008 to 2032, reflecting a steady upward trend. The forecast highlights Nissan’s early leadership in EVs, exemplified by the Nissan Leaf. Confidence intervals suggest continued progress driven by expanding EV production and efficiency improvements. Nissan’s strategy reflects a balanced approach to sustainability, blending innovation and affordability."
Nissan,CO2,"This graph illustrates Nissan’s real-world CO2 emissions, showing a steady decline. The downward trend reflects Nissan’s focus on electrification and optimizing internal combustion engines. Recent reductions highlight their growing EV portfolio, contributing significantly to lowering fleet-wide emissions and aligning with global sustainability targets."
Nissan,MPG,"This graph shows Nissan's real-world miles per gallon (MPG), steadily increasing over time. The trend reflects Nissan’s advancements in hybrid and engine technologies. Recent gains underline their focus on energy efficiency across diverse vehicle offerings, ensuring that both traditional and hybrid models contribute to sustainability."
Nissan,CO2 Reduction,"This graph highlights Nissan’s annual CO2 reduction rates, with peaks reflecting major milestones like new EV releases and manufacturing improvements. Recent growth emphasizes their intensified commitment to reducing emissions through electrification and streamlined production processes. Fluctuations indicate challenges in scaling EV production across markets."
Nissan,MPG Growth,"This graph displays Nissan’s MPG growth rate, with notable spikes tied to efficiency-focused innovations. Recent growth underscores their commitment to improving vehicle energy performance. Variability suggests ongoing efforts to balance fleet-wide improvements with market-specific demands and evolving regulations."
Nissan,Powertrain,"This pie chart shows Nissan’s powertrain distribution, with a strong presence of EVs and hybrids. Gasoline models still dominate, reflecting Nissan’s strategy to maintain affordability while transitioning toward sustainable mobility. The expanding EV share highlights their role as a pioneer in accessible electrification."
Stellantis,Sustainability Score,"This graph shows Stellantis’ sustainability scores from 2008 to 2032, demonstrating a consistent upward trend. The forecast reflects Stellantis’ efforts across its diverse portfolio of brands to improve emissions and adopt EV technologies. Confidence intervals indicate sustained growth driven by EV expansion and hybrid innovations. Stellantis’ multi-brand strategy supports its transition toward sustainable mobility while catering to varied market demands."
Stellantis,CO2,"This graph illustrates Stellantis’ real-world CO2 emissions, showing a steady decline with a sharp drop in recent years. The trend reflects investments in hybrid and EV technologies and stricter emissions standards across their brands. Their focus on improving fuel efficiency while expanding their electrification efforts drives these reductions."
Stellantis,MPG,"This graph displays Stellantis’ real-world miles per gallon (MPG), steadily increasing over time. The trend highlights advancements in engine optimization and hybrid systems across their diverse vehicle lineup. Recent spikes indicate significant progress in improving fuel economy, aligning with Stellantis’ commitment to fleet-wide energy efficiency."
Stellantis,CO2 Reduction,"This graph shows Stellantis’ annual CO2 reduction rates, with significant peaks reflecting new powertrain technologies and expanded EV adoption. Recent surges underscore their commitment to meeting global sustainability targets. Variability highlights the complexity of implementing uniform standards across their multi-brand operations."
Stellantis,MPG Growth,"This graph depicts Stellantis’ MPG growth rate, with recent spikes reflecting key milestones in hybrid and engine advancements. These gains emphasize Stellantis’ ability to balance fuel efficiency improvements with its diverse brand portfolio. Fluctuations reflect challenges in maintaining consistent growth across varied market segments."
Stellantis,Powertrain,"This pie chart illustrates Stellantis’ powertrain mix, showcasing a growing share of hybrids and EVs alongside a substantial gasoline presence. Their multi-brand approach ensures a gradual transition to electrification while addressing diverse consumer needs. Stellantis’ strategy highlights a mix of traditional powertrains and forward-looking sustainable technologies."
Subaru,Sustainability Score,"This graph shows Subaru’s sustainability scores from 2008 to 2032, displaying a plateau in recent years. The forecast suggests slower progress in sustainability initiatives compared to competitors. Subaru’s reliance on traditional powertrains and incremental hybrid adoption limits significant improvements. Confidence intervals indicate potential uncertainty, highlighting the need for Subaru to prioritize electrification and advanced decarbonization strategies to meet industry standards."
Subaru,CO2,"This graph illustrates Subaru’s real-world CO2 emissions, with a steady decline that flattens in later years. Early reductions reflect improvements in engine efficiency, but the lack of widespread electrification limits further progress. Subaru’s slower transition to hybrid and EV technologies contributes to the stagnation in emissions reductions."
Subaru,MPG,"This graph shows Subaru’s real-world miles per gallon (MPG), steadily increasing but leveling off in recent years. Initial gains reflect advancements in fuel efficiency, while stagnation indicates the limitations of optimizing internal combustion engines. Subaru’s modest adoption of hybrid systems has not significantly enhanced fleet-wide MPG performance."
Subaru,CO2 Reduction,"This graph highlights Subaru’s annual CO2 reduction rates, with notable peaks during years of efficiency improvements. However, recent declines in reduction rates reveal challenges in maintaining progress without significant investments in hybrid or EV technologies. The trend underscores Subaru’s need to accelerate innovation to sustain meaningful reductions."
Subaru,MPG Growth,"This graph depicts Subaru’s MPG growth rate, with early spikes reflecting efficiency breakthroughs and later declines as advancements slow. The recent stabilization highlights the diminishing returns of combustion engine improvements. Subaru’s lag in hybrid and EV adoption further limits growth, emphasizing the need for technological diversification."
Subaru,Powertrain,"This pie chart illustrates Subaru’s powertrain distribution, dominated by gasoline engines with minimal hybrid and EV presence. The lack of significant electrification reflects Subaru’s reliance on traditional powertrains. Their gradual adoption of sustainable technologies suggests a cautious approach to transitioning toward electrification, trailing industry leaders."
Toyota,Sustainability Score,"This graph shows Toyota’s sustainability scores from 2008 to 2032, reflecting a steady upward trend. The forecast highlights Toyota’s strong focus on hybrid technology and incremental EV adoption. Confidence intervals suggest stable progress, driven by Toyota’s leadership in hybrid systems and their gradual shift toward electrification. Their balanced approach ensures consistent sustainability improvements while meeting market demands."
Toyota,CO2,"This graph illustrates Toyota’s real-world CO2 emissions, showing a steady decline over time. The trend reflects Toyota’s leadership in hybrid vehicles and their efficient engine technologies. Recent reductions highlight their efforts to phase out less efficient models, though their slower adoption of fully electric vehicles limits sharper declines compared to competitors."
Toyota,MPG,"This graph shows Toyota’s real-world miles per gallon (MPG), steadily increasing over time. The trend underscores Toyota’s focus on improving hybrid powertrains and fuel-efficient internal combustion engines. The recent spike reflects the impact of lightweight materials and innovative hybrid technologies on overall fleet performance."
Toyota,CO2 Reduction,"This graph highlights Toyota’s annual CO2 reduction rates, with periodic peaks reflecting key milestones in hybrid innovation and efficiency gains. Recent increases indicate Toyota’s strengthened focus on sustainability as they scale up hybrid production. However, fluctuations suggest challenges in transitioning to EVs at the pace of industry leaders."
Toyota,MPG Growth,"This graph depicts Toyota’s MPG growth rate, with spikes aligning with advancements in hybrid and engine optimization. The recent gains reflect Toyota’s continued leadership in hybrid technology. Variability in the trend highlights the challenges of maintaining consistent improvements while balancing cost and technological advancements."
Toyota,Powertrain,"This pie chart illustrates Toyota’s powertrain mix, dominated by hybrids alongside a significant share of gasoline models. A smaller but growing EV presence reflects their cautious transition toward full electrification. Toyota’s focus on hybrids ensures broad market appeal while supporting their long-term sustainability goals."
Volkswagen,Sustainability Score,"This graph shows Volkswagen’s sustainability scores from 2008 to 2032, reflecting a steady upward trend. The forecast highlights Volkswagen’s strong focus on electrification post-diesel scandal, with investments in EV production and renewable energy. Confidence intervals suggest consistent progress, supported by their aggressive EV rollout and resource-efficient manufacturing practices, positioning them as a leader in sustainable mobility."
Volkswagen,CO2,"This graph illustrates Volkswagen’s real-world CO2 emissions, showing a steady decline. The trend reflects their efforts to phase out diesel models and expand EV production. The sharper drop in recent years highlights Volkswagen’s commitment to meeting emissions regulations and improving fleet-wide efficiency through innovative powertrain technologies."
Volkswagen,MPG,"This graph shows Volkswagen’s real-world miles per gallon (MPG), steadily increasing over time. The trend demonstrates advancements in hybrid and EV technologies, along with optimization of internal combustion engines. Recent growth underscores Volkswagen’s ability to integrate efficiency improvements across a broad vehicle portfolio."
Volkswagen,CO2 Reduction,"This graph highlights Volkswagen’s annual CO2 reduction rates, with peaks corresponding to significant milestones like EV launches and efficiency-focused manufacturing upgrades. Recent increases reflect their intensified focus on meeting global emissions standards. Variability indicates the challenges of transitioning their extensive portfolio to electrification."
Volkswagen,MPG Growth,"This graph depicts Volkswagen’s MPG growth rate, with sharp spikes reflecting breakthroughs in hybrid technology and EV energy efficiency. Recent improvements align with their transition to sustainable vehicle production. Occasional dips underscore the complexity of implementing uniform advancements across diverse vehicle segments."
Volkswagen,Powertrain,"This pie chart illustrates Volkswagen’s powertrain mix, with a growing share of EVs and hybrids alongside a diminishing share of diesel models. Gasoline engines remain prominent, reflecting their strategy to maintain market diversity while aggressively expanding electrification. This distribution underscores Volkswagen’s commitment to balancing traditional powertrains with future-focused technologies."
